Win32,0.5356065178032589
Trojan,0.9942667471333736
Agent,0.4384429692214846
Downloader,0.4420639710319855
W97M,0.11375980687990345
Exploit,0.0024140012070006035
MS,0.06487628243814123
Injector,0.3711526855763428
Variant,0.19855159927579963
BackDoor,0.10138805069402534
Zbot,0.013578756789378395
Script,0.3086904043452022
Ransom,0.1744115872057936
Rootkit,0.006336753168376584
Worm,0.014785757392878697
Java,0.002715751357875679
Spy,0.06427278213639107
Adware,0.003922751961375981
Virus,0.006638503319251659
KeyLogger,0.0030175015087507543
Bot,0.018406759203379603
JS,0.30778515389257693
PUP,0.0012070006035003018
Heur,0.5229330114665057
Linux,0.02987326493663247
Hacktool,0.00030175015087507544
Dropper,0.005431502715751358
CryptoMiner,0.003621001810500905
RiskWare,0.0024140012070006035
